{"rf_mae": 3.7577975211144015, "rf_r2": 0.7337095950898099, "dl_mae": 3.903319619917171, "dl_r2": 0.7095568974137026}